business_name,start_date,end_date,start_time,end_time,display_schedule,display_address,geocode_address,latitude,longitude,geocode_status
Dorothy and Totos Kettle,4/2/2026,10/31/2026,9:00:00 AM,10:00:00 AM,04/02/2026 9:00 AM - 10/31/2026 10:00 AM,7 S Monroe St,7 S Monroe St,40.452806,-85.366066,geocoded
Sweet Caroline's Ice Cream,5/1/2026,10/31/2026,9:00:00 AM,9:30:00 AM,05/01/2026 9:00 AM - 10/31/2026 9:30 AM,9807 cherry valley caledonia mi,9807 cherry valley caledonia MI,42.785986765654,-85.507382669257,geocoded
Cherrywood Smoke House,5/6/2026,10/28/2026,8:00:00 AM,9:00:00 AM,05/06/2026 8:00 AM - 10/28/2026 9:00 AM,"400 W Main St, Lowell, MI 49331","400 W Main St, Lowell, MI 49331",42.933278513576,-85.34216831687,geocoded
Pilar's Empanadas,5/10/2026,11/1/2026,8:00:00 AM,9:00:00 AM,05/10/2026 8:00 AM - 11/01/2026 9:00 AM,"N Main St, Rockford, MI 49341","N Main St, Rockford, MI 49341",43.124327654752,-85.559567231948,geocoded
Bessies Burgers,5/28/2026,10/31/2026,12:00:00 PM,1:00:00 PM,05/28/2026 12:00 PM - 10/31/2026 1:00 PM,"925 28th St SE, Grand Rapids, Michigan 49508, United States","925 28th St SE, Grand Rapids, Michigan 49508",42.913194048644,-85.643355998045,geocoded
Bessie's Burgers-SST2641363273,9/30/2026,10/1/2026,4:00:00 PM,12:00:00 AM,09/30/2026 4:00 PM - 10/01/2026 12:00 AM,"252 Pearl St NW, Grand Rapids, Michigan 49503, United States","252 Pearl St NW, Grand Rapids, Michigan 49503",42.966292189884,-85.67436937507,geocoded
Bessie's Burgers,10/1/2026,10/1/2026,10:00:00 AM,10:00:00 PM,10/01/2026 10:00 AM - 10/01/2026 10:00 PM,"1155 28th St SW, Wyoming, Michigan 49509, United States","1155 28th St SW, Wyoming, Michigan 49509",42.914038525389,-85.694530450597,geocoded
Bessies' Burgers,10/1/2026,10/1/2026,10:00:00 AM,9:00:00 PM,10/01/2026 10:00 AM - 10/01/2026 9:00 PM,"3350 Michael Ave SW, Wyoming, Michigan 49509, United States","3350 Michael Ave SW, Wyoming, Michigan 49509",42.903800324026,-85.693641046851,geocoded
Outlaw Roasted Corn 3-SST-2641-263244,10/1/2026,10/1/2026,11:00:00 AM,7:00:00 PM,10/01/2026 11:00 AM - 10/01/2026 7:00 PM,"101 Monroe Center St NW, Grand Rapids, Michigan 49503, United States","101 Monroe Center St NW, Grand Rapids, Michigan 49503",42.965179073142,-85.670964813638,geocoded
Olly's Donuts-SST0808253627 and SST0823215821,10/1/2026,10/1/2026,12:30:00 PM,1:30:00 PM,10/01/2026 12:30 PM - 10/01/2026 1:30 PM,"511 76th St SW, Grand Rapids, Michigan 49548, United States","511 76th St SW, Grand Rapids, Michigan 49548",42.82836906278,-85.674475070869,geocoded
Around Baking Company-SST2641253974,10/1/2026,10/1/2026,4:00:00 PM,9:00:00 PM,10/01/2026 4:00 PM - 10/01/2026 9:00 PM,"616 Fulton St W, Grand Rapids, Michigan 49504, United States","616 Fulton St W, Grand Rapids, Michigan 49504",42.963282290363,-85.683399534637,geocoded
Bessie's Burgers-SST2641363273,10/1/2026,10/2/2026,4:00:00 PM,12:00:00 AM,10/01/2026 4:00 PM - 10/02/2026 12:00 AM,"252 Pearl St NW, Grand Rapids, Michigan 49503, United States","252 Pearl St NW, Grand Rapids, Michigan 49503",42.966292189884,-85.67436937507,geocoded
Patty Matters-SST2641039910,10/1/2026,10/2/2026,6:00:00 PM,12:00:00 AM,10/01/2026 6:00 PM - 10/02/2026 12:00 AM,"133 Cesar E. Chavez Ave SW, Grand Rapids, Michigan 49503, United States","133 Cesar E Chavez Ave SW, Grand Rapids, Michigan 49503",42.959949561842,-85.674113643204,geocoded
Roberts Brothers BBQ-SST2539266799,10/1/2026,10/1/2026,6:00:00 PM,10:00:00 PM,10/01/2026 6:00 PM - 10/01/2026 10:00 PM,"1256 28th St SW, Wyoming, Michigan 49509, United States","1256 28th St SW, Wyoming, Michigan 49509",42.911340223118,-85.696982995466,geocoded
Olly's Donuts-SST0808253627 and SST0823215821,10/1/2026,10/1/2026,8:00:00 PM,9:00:00 PM,10/01/2026 8:00 PM - 10/01/2026 9:00 PM,"511 76th St SW, Grand Rapids, Michigan 49548, United States","511 76th St SW, Grand Rapids, Michigan 49548",42.82836906278,-85.674475070869,geocoded
Family Thyme Foods,10/2/2026,10/2/2026,8:00:00 AM,9:00:00 AM,10/02/2026 8:00 AM - 10/02/2026 9:00 AM,7970 Snow Ave Lowell,"7970 Snow Ave Lowell, MI",42.888827395108,-85.429937739591,geocoded
Majoor's Concessions-SST2641012889,10/2/2026,10/2/2026,9:00:00 AM,9:00:00 PM,10/02/2026 9:00 AM - 10/02/2026 9:00 PM,"194 s main st cedar spring, mi 49319","194 S main st cedar spring, MI 49319",43.220369803356,-85.550860942132,geocoded
Ziggy's Concession-SST1659352707,10/2/2026,10/2/2026,9:00:00 AM,6:00:00 PM,10/02/2026 9:00 AM - 10/02/2026 6:00 PM,"151 n S Main, Cedar Springs, Michigan 49319, United States","151 NS Main, Cedar Springs, Michigan 49319",43.220662247958,-85.551773815207,geocoded
Bessie's Burgers,10/2/2026,10/2/2026,10:00:00 AM,10:00:00 PM,10/02/2026 10:00 AM - 10/02/2026 10:00 PM,"1155 28th St SW, Wyoming, Michigan 49509, United States","1155 28th St SW, Wyoming, Michigan 49509",42.914038525389,-85.694530450597,geocoded
Bessies' Burgers,10/2/2026,10/2/2026,10:00:00 AM,9:00:00 PM,10/02/2026 10:00 AM - 10/02/2026 9:00 PM,"3350 Michael Ave SW, Wyoming, Michigan 49509, United States","3350 Michael Ave SW, Wyoming, Michigan 49509",42.903800324026,-85.693641046851,geocoded
"Elliot's Amusements, 4 Trailers - Sausage, Lemonade, Elephant ears, Popcorn (X4 NOIs)",10/2/2026,10/4/2026,10:00:00 AM,11:00:00 AM,10/02/2026 10:00 AM - 10/04/2026 11:00 AM,"95 S Main St NE, Cedar Springs, MI 49319","95 S Main St NE, Cedar Springs, MI 49319",43.215789196227,-85.551134079629,geocoded
Mike's Concession Trailer,10/2/2026,10/2/2026,10:00:00 AM,5:00:00 PM,10/02/2026 10:00 AM - 10/02/2026 5:00 PM,"3901 Alpine Ave NW, Comstock Park, MI 49321, United States","3901 Alpine Ave NW, Comstock Park, MI 49321",43.034516858419,-85.692917688607,geocoded
Around Baking Company-SST2641253974,10/2/2026,10/2/2026,11:00:00 AM,4:00:00 PM,10/02/2026 11:00 AM - 10/02/2026 4:00 PM,"135 Monroe Center St NW, Grand Rapids, Michigan 49503, United States","135 Monroe Center St NW, Grand Rapids, Michigan 49503",42.965469883273,-85.67177056599,geocoded
Patty Matters-SST2641039910,10/2/2026,10/2/2026,11:00:00 AM,2:00:00 PM,10/02/2026 11:00 AM - 10/02/2026 2:00 PM,200 jefferson ave se grand rapids mi 49503,200 jefferson ave Grand Rapids MI 49503,42.959095571637,-85.66320032145,geocoded
Last Minute BBQ-SST2641366436,10/2/2026,10/2/2026,12:00:00 PM,8:00:00 PM,10/02/2026 12:00 PM - 10/02/2026 8:00 PM,"830 28th St SW, Wyoming, Michigan 49509, United States","830 28th St SW, Wyoming, Michigan 49509",42.91256331043,-85.686782638396,geocoded
Around Baking Company-SST2641253974,10/2/2026,10/2/2026,3:00:00 PM,6:00:00 PM,10/02/2026 3:00 PM - 10/02/2026 6:00 PM,"240 84th St SW, Byron Center, Michigan 49315, United States","240 84th St SW, Byron Center, Michigan 49315",42.8116886237,-85.670065814042,geocoded
Bessie's Burgers-SST2641363273,10/2/2026,10/3/2026,4:00:00 PM,12:00:00 AM,10/02/2026 4:00 PM - 10/03/2026 12:00 AM,"252 Pearl St NW, Grand Rapids, Michigan 49503, United States","252 Pearl St NW, Grand Rapids, Michigan 49503",42.966292189884,-85.67436937507,geocoded
Roberts Brothers BBQ-SST2539266799,10/2/2026,10/3/2026,6:00:00 PM,12:00:00 AM,10/02/2026 6:00 PM - 10/03/2026 12:00 AM,"1256 28th St SW, Wyoming, Michigan 49509, United States","1256 28th St SW, Wyoming, Michigan 49509",42.911340223118,-85.696982995466,geocoded
Majoor's Concessions-SST2641012889,10/3/2026,10/3/2026,9:00:00 AM,9:00:00 PM,10/03/2026 9:00 AM - 10/03/2026 9:00 PM,"194 s main st cedar spring, mi 49319","194 S main st cedar spring, MI 49319",43.220369803356,-85.550860942132,geocoded
Mike's Concessions Unit #2-SST-417-0225063,10/3/2026,10/3/2026,9:00:00 AM,4:00:00 PM,10/03/2026 9:00 AM - 10/03/2026 4:00 PM,"4034 Chicago Dr SW, Grandville, Michigan 49418, United States","4034 Chicago Dr SW, Grandville, Michigan 49418",42.909087377092,-85.763910396846,geocoded
Ziggy's Concession-SST1659352707,10/3/2026,10/3/2026,9:00:00 AM,6:00:00 PM,10/03/2026 9:00 AM - 10/03/2026 6:00 PM,"151 n S Main, Cedar Springs, Michigan 49319, United States","151 NS Main, Cedar Springs, Michigan 49319",43.220662247958,-85.551773815207,geocoded
Bessie's Burgers,10/3/2026,10/3/2026,10:00:00 AM,10:00:00 PM,10/03/2026 10:00 AM - 10/03/2026 10:00 PM,"1155 28th St SW, Wyoming, Michigan 49509, United States","1155 28th St SW, Wyoming, Michigan 49509",42.914038525389,-85.694530450597,geocoded
Bessies' Burgers,10/3/2026,10/3/2026,10:00:00 AM,9:00:00 PM,10/03/2026 10:00 AM - 10/03/2026 9:00 PM,"3350 Michael Ave SW, Wyoming, Michigan 49509, United States","3350 Michael Ave SW, Wyoming, Michigan 49509",42.903800324026,-85.693641046851,geocoded
Crazy Good Crepes-SST0808351621,10/3/2026,10/3/2026,10:00:00 AM,6:00:00 PM,10/03/2026 10:00 AM - 10/03/2026 6:00 PM,"135 Monroe Center St NW, Grand Rapids, Michigan 49503, United States","135 Monroe Center St NW, Grand Rapids, Michigan 49503",42.965469883273,-85.67177056599,geocoded
Mike's Concession Trailer,10/3/2026,10/3/2026,10:00:00 AM,5:00:00 PM,10/03/2026 10:00 AM - 10/03/2026 5:00 PM,"3901 Alpine Ave NW, Comstock Park, MI 49321, United States","3901 Alpine Ave NW, Comstock Park, MI 49321",43.034516858419,-85.692917688607,geocoded
Patty Matters-SST2641039910,10/3/2026,10/3/2026,10:00:00 AM,6:00:00 PM,10/03/2026 10:00 AM - 10/03/2026 6:00 PM,"135 Monroe Center St NW, Grand Rapids, Michigan 49503, United States","135 Monroe Center St NW, Grand Rapids, Michigan 49503",42.965469883273,-85.67177056599,geocoded
Around Baking Company-SST2641253974,10/3/2026,10/3/2026,11:00:00 AM,3:00:00 PM,10/03/2026 11:00 AM - 10/03/2026 3:00 PM,"240 84th St SW, Byron Center, Michigan 49315, United States","240 84th St SW, Byron Center, Michigan 49315",42.8116886237,-85.670065814042,geocoded
Neko Taiyaki-SST-2641-360720,10/3/2026,10/3/2026,11:00:00 AM,4:00:00 PM,10/03/2026 11:00 AM - 10/03/2026 4:00 PM,"4055 Maple St SW, Grandville, Michigan 49418, United States","4055 Maple St SW, Grandville, Michigan 49418",42.907771334475,-85.764574243577,geocoded
Two Bros Hotdogs-SST-2641-358270,10/3/2026,10/3/2026,11:00:00 AM,3:00:00 PM,10/03/2026 11:00 AM - 10/03/2026 3:00 PM,"13677 White Creek Ave NE, Cedar Springs, Michigan 49319, United States","13677 White Creek Ave NE, Cedar Springs, Michigan 49319",43.213537630259,-85.571772952365,geocoded
Last Minute BBQ-SST2641366436,10/3/2026,10/3/2026,12:00:00 PM,8:00:00 PM,10/03/2026 12:00 PM - 10/03/2026 8:00 PM,"830 28th St SW, Wyoming, Michigan 49509, United States","830 28th St SW, Wyoming, Michigan 49509",42.91256331043,-85.686782638396,geocoded
Olly's Donuts-SST0808253627 and SST0823215821,10/3/2026,10/3/2026,3:00:00 PM,9:00:00 PM,10/03/2026 3:00 PM - 10/03/2026 9:00 PM,"475 W Spartan Dr, Sparta, Michigan 49345, United States","475 W Spartan Dr, Sparta, Michigan 49345",43.150207657903,-85.717229314948,geocoded
Patty Matters-SST2641039910,10/3/2026,10/3/2026,3:00:00 PM,9:00:00 PM,10/03/2026 3:00 PM - 10/03/2026 9:00 PM,"351 Ottawa Ave NW, Grand Rapids, Michigan 49503, United States","351 Ottawa Ave NW, Grand Rapids, Michigan 49503",42.96976403595,-85.670188284226,geocoded
Bessie's Burgers-SST2641363273,10/3/2026,10/4/2026,4:00:00 PM,12:00:00 AM,10/03/2026 4:00 PM - 10/04/2026 12:00 AM,"252 Pearl St NW, Grand Rapids, Michigan 49503, United States","252 Pearl St NW, Grand Rapids, Michigan 49503",42.966292189884,-85.67436937507,geocoded
Big Reds BBQ-SST276223033,10/3/2026,10/3/2026,5:00:00 PM,6:00:00 PM,10/03/2026 5:00 PM - 10/03/2026 6:00 PM,"2600 Wilson Ave SW, Grand Rapids, Michigan 49534, United States","2600 Wilson Ave SW, Grand Rapids, Michigan 49534",42.918874673973,-85.770073526432,geocoded
Roberts Brothers BBQ-SST2539266799,10/3/2026,10/4/2026,6:00:00 PM,12:00:00 AM,10/03/2026 6:00 PM - 10/04/2026 12:00 AM,"1256 28th St SW, Wyoming, Michigan 49509, United States","1256 28th St SW, Wyoming, Michigan 49509",42.911340223118,-85.696982995466,geocoded
Bessie's Burgers,10/4/2026,10/4/2026,10:00:00 AM,10:00:00 PM,10/04/2026 10:00 AM - 10/04/2026 10:00 PM,"1155 28th St SW, Wyoming, Michigan 49509, United States","1155 28th St SW, Wyoming, Michigan 49509",42.914038525389,-85.694530450597,geocoded
Bessies' Burgers,10/4/2026,10/4/2026,10:00:00 AM,9:00:00 PM,10/04/2026 10:00 AM - 10/04/2026 9:00 PM,"3350 Michael Ave SW, Wyoming, Michigan 49509, United States","3350 Michael Ave SW, Wyoming, Michigan 49509",42.903800324026,-85.693641046851,geocoded
Mike's Concession Trailer,10/4/2026,10/4/2026,10:00:00 AM,5:00:00 PM,10/04/2026 10:00 AM - 10/04/2026 5:00 PM,"3901 Alpine Ave NW, Comstock Park, MI 49321, United States","3901 Alpine Ave NW, Comstock Park, MI 49321",43.034516858419,-85.692917688607,geocoded
Around Baking Company-SST2641253974,10/4/2026,10/4/2026,12:00:00 PM,5:00:00 PM,10/04/2026 12:00 PM - 10/04/2026 5:00 PM,"1124 Fallasburg Park Dr NE, Lowell, Michigan 49331, United States","1124 Fallasburg Park Dr NE, Lowell, Michigan 49331",42.984338636968,-85.333851038168,geocoded
Cousins Maine Lobster-SST-4063-360580,10/4/2026,10/4/2026,2:00:00 PM,5:00:00 PM,10/04/2026 2:00 PM - 10/04/2026 5:00 PM,"1145 Fulton St E, Grand Rapids, Michigan 49503, United States","1145 Fulton St E, Grand Rapids, Michigan 49503",42.962892364228,-85.640222088266,geocoded
Bessie's Burgers-SST2641363273,10/4/2026,10/5/2026,4:00:00 PM,12:00:00 AM,10/04/2026 4:00 PM - 10/05/2026 12:00 AM,"252 Pearl St NW, Grand Rapids, Michigan 49503, United States","252 Pearl St NW, Grand Rapids, Michigan 49503",42.966292189884,-85.67436937507,geocoded
Roberts Brothers BBQ-SST2539266799,10/4/2026,10/4/2026,6:00:00 PM,10:00:00 PM,10/04/2026 6:00 PM - 10/04/2026 10:00 PM,"1256 28th St SW, Wyoming, Michigan 49509, United States","1256 28th St SW, Wyoming, Michigan 49509",42.911340223118,-85.696982995466,geocoded
Bessie's Burgers,10/5/2026,10/5/2026,10:00:00 AM,10:00:00 PM,10/05/2026 10:00 AM - 10/05/2026 10:00 PM,"1155 28th St SW, Wyoming, Michigan 49509, United States","1155 28th St SW, Wyoming, Michigan 49509",42.914038525389,-85.694530450597,geocoded
Bessies' Burgers,10/5/2026,10/5/2026,10:00:00 AM,9:00:00 PM,10/05/2026 10:00 AM - 10/05/2026 9:00 PM,"3350 Michael Ave SW, Wyoming, Michigan 49509, United States","3350 Michael Ave SW, Wyoming, Michigan 49509",42.903800324026,-85.693641046851,geocoded
Bessie's Burgers-SST2641363273,10/5/2026,10/6/2026,4:00:00 PM,12:00:00 AM,10/05/2026 4:00 PM - 10/06/2026 12:00 AM,"252 Pearl St NW, Grand Rapids, Michigan 49503, United States","252 Pearl St NW, Grand Rapids, Michigan 49503",42.966292189884,-85.67436937507,geocoded
Around Baking Co.,10/6/2026,10/6/2026,9:00:00 AM,1:00:00 PM,10/06/2026 9:00 AM - 10/06/2026 1:00 PM,"7239 Thornapple River Dr SE, Ada, MI 49301","7239 Thornapple River Dr SE, Ada, MI 49301",42.955707145369,-85.488896549441,geocoded
Bessie's Burgers,10/6/2026,10/6/2026,10:00:00 AM,10:00:00 PM,10/06/2026 10:00 AM - 10/06/2026 10:00 PM,"1155 28th St SW, Wyoming, Michigan 49509, United States","1155 28th St SW, Wyoming, Michigan 49509",42.914038525389,-85.694530450597,geocoded
Bessies' Burgers,10/6/2026,10/6/2026,10:00:00 AM,9:00:00 PM,10/06/2026 10:00 AM - 10/06/2026 9:00 PM,"3350 Michael Ave SW, Wyoming, Michigan 49509, United States","3350 Michael Ave SW, Wyoming, Michigan 49509",42.903800324026,-85.693641046851,geocoded
Bessie's Burgers-SST2641363273,10/6/2026,10/7/2026,4:00:00 PM,12:00:00 AM,10/06/2026 4:00 PM - 10/07/2026 12:00 AM,"252 Pearl St NW, Grand Rapids, Michigan 49503, United States","252 Pearl St NW, Grand Rapids, Michigan 49503",42.966292189884,-85.67436937507,geocoded
Patty Matters-SST2641039910,10/6/2026,10/6/2026,5:00:00 PM,7:30:00 PM,10/06/2026 5:00 PM - 10/06/2026 7:30 PM,"2300 Gezon Pkwy SW, Wyoming, Michigan 49519, United States","2300 Gezon Pkwy SW, Wyoming, Michigan 49519",42.86213224887,-85.721548509654,geocoded
Bessie's Burgers,10/7/2026,10/7/2026,10:00:00 AM,10:00:00 PM,10/07/2026 10:00 AM - 10/07/2026 10:00 PM,"1155 28th St SW, Wyoming, Michigan 49509, United States","1155 28th St SW, Wyoming, Michigan 49509",42.914038525389,-85.694530450597,geocoded
Bessies' Burgers,10/7/2026,10/7/2026,10:00:00 AM,9:00:00 PM,10/07/2026 10:00 AM - 10/07/2026 9:00 PM,"3350 Michael Ave SW, Wyoming, Michigan 49509, United States","3350 Michael Ave SW, Wyoming, Michigan 49509",42.903800324026,-85.693641046851,geocoded
Patty Matters-SST2641039910,10/7/2026,10/7/2026,11:00:00 AM,1:00:00 PM,10/07/2026 11:00 AM - 10/07/2026 1:00 PM,"3607 Broadmoor Ave SE, Grand Rapids, Michigan 49512, United States","3607 Broadmoor Ave SE, Grand Rapids, Michigan 49512",42.897500317962,-85.57744096293,geocoded
Inspired Eats,10/7/2026,10/7/2026,3:00:00 PM,8:00:00 PM,10/07/2026 3:00 PM - 10/07/2026 8:00 PM,"401 N Park St NE, Grand Rapids, Michigan 49525, United States","401 N Park St NE, Grand Rapids, Michigan 49525",43.022881645254,-85.659959123312,geocoded
Bessie's Burgers-SST2641363273,10/7/2026,10/8/2026,4:00:00 PM,12:00:00 AM,10/07/2026 4:00 PM - 10/08/2026 12:00 AM,"252 Pearl St NW, Grand Rapids, Michigan 49503, United States","252 Pearl St NW, Grand Rapids, Michigan 49503",42.966292189884,-85.67436937507,geocoded
Bessie's Burgers,10/8/2026,10/8/2026,10:00:00 AM,10:00:00 PM,10/08/2026 10:00 AM - 10/08/2026 10:00 PM,"1155 28th St SW, Wyoming, Michigan 49509, United States","1155 28th St SW, Wyoming, Michigan 49509",42.914038525389,-85.694530450597,geocoded
Bessies' Burgers,10/8/2026,10/8/2026,10:00:00 AM,9:00:00 PM,10/08/2026 10:00 AM - 10/08/2026 9:00 PM,"3350 Michael Ave SW, Wyoming, Michigan 49509, United States","3350 Michael Ave SW, Wyoming, Michigan 49509",42.903800324026,-85.693641046851,geocoded
Around Baking Company,10/8/2026,10/8/2026,11:00:00 AM,2:00:00 PM,10/08/2026 11:00 AM - 10/08/2026 2:00 PM,"4100 Lake Dr SE STE 205, Grand Rapids, MI 49546","4100 Lake Dr SE, Grand Rapids, MI 49546",42.939699302865,-85.567564650237,geocoded
Around Baking Company-SST-2641-253974,10/8/2026,10/8/2026,11:00:00 AM,4:00:00 PM,10/08/2026 11:00 AM - 10/08/2026 4:00 PM,"1125 41st St SW, Grand Rapids, Michigan 49548, United States","1125 41st St SW, Grand Rapids, Michigan 49548",42.889589086144,-85.669328179949,geocoded
Patty Matters-SST2641039910,10/8/2026,10/8/2026,11:00:00 AM,1:00:00 PM,10/08/2026 11:00 AM - 10/08/2026 1:00 PM,"5300 Patterson Ave SE, Kentwood, Michigan, United States","5300 Patterson Ave SE, Kentwood, Michigan",42.867956456201,-85.544864444781,geocoded
Bessie's Burgers-SST2641363273,10/8/2026,10/9/2026,4:00:00 PM,12:00:00 AM,10/08/2026 4:00 PM - 10/09/2026 12:00 AM,"252 Pearl St NW, Grand Rapids, Michigan 49503, United States","252 Pearl St NW, Grand Rapids, Michigan 49503",42.966292189884,-85.67436937507,geocoded
Patty Matters-SST2641039910,10/8/2026,10/8/2026,4:00:00 PM,7:00:00 PM,10/08/2026 4:00 PM - 10/08/2026 7:00 PM,"2655 Grand Castle Blvd SW, Grandville, Michigan 49418, United States","2655 Grand Castle Blvd SW, Grandville, Michigan 49418",42.91538021663,-85.760202494338,geocoded
Roberts Brothers BBQ-SST2539266799,10/8/2026,10/8/2026,6:00:00 PM,10:00:00 PM,10/08/2026 6:00 PM - 10/08/2026 10:00 PM,"1256 28th St SW, Wyoming, Michigan 49509, United States","1256 28th St SW, Wyoming, Michigan 49509",42.911340223118,-85.696982995466,geocoded
Bessie's Burgers,10/9/2026,10/9/2026,10:00:00 AM,10:00:00 PM,10/09/2026 10:00 AM - 10/09/2026 10:00 PM,"1155 28th St SW, Wyoming, Michigan 49509, United States","1155 28th St SW, Wyoming, Michigan 49509",42.914038525389,-85.694530450597,geocoded
Bessies' Burgers,10/9/2026,10/9/2026,10:00:00 AM,9:00:00 PM,10/09/2026 10:00 AM - 10/09/2026 9:00 PM,"3350 Michael Ave SW, Wyoming, Michigan 49509, United States","3350 Michael Ave SW, Wyoming, Michigan 49509",42.903800324026,-85.693641046851,geocoded
Mike's Concession Trailer,10/9/2026,10/9/2026,10:00:00 AM,5:00:00 PM,10/09/2026 10:00 AM - 10/09/2026 5:00 PM,"3901 Alpine Ave NW, Comstock Park, MI 49321, United States","3901 Alpine Ave NW, Comstock Park, MI 49321",43.034516858419,-85.692917688607,geocoded
Patty Matters-SST2641039910,10/9/2026,10/9/2026,11:00:00 AM,1:00:00 PM,10/09/2026 11:00 AM - 10/09/2026 1:00 PM,"2101 52nd St SW, Wyoming, Michigan 49519, United States","2101 52nd St SW, Wyoming, Michigan 49519",42.871133658509,-85.715739515478,geocoded
Last Minute BBQ-SST2641366436,10/9/2026,10/9/2026,12:00:00 PM,8:00:00 PM,10/09/2026 12:00 PM - 10/09/2026 8:00 PM,"830 28th St SW, Wyoming, Michigan 49509, United States","830 28th St SW, Wyoming, Michigan 49509",42.91256331043,-85.686782638396,geocoded
Patty Matters-SST2641039910,10/9/2026,10/9/2026,3:30:00 PM,7:30:00 PM,10/09/2026 3:30 PM - 10/09/2026 7:30 PM,"3801 Leonard St NE, Grand Rapids, Michigan 49525, United States","3801 Leonard St NE, Grand Rapids, Michigan 49525",42.985853288782,-85.576659099002,geocoded
Bessie's Burgers-SST2641363273,10/9/2026,10/10/2026,4:00:00 PM,12:00:00 AM,10/09/2026 4:00 PM - 10/10/2026 12:00 AM,"252 Pearl St NW, Grand Rapids, Michigan 49503, United States","252 Pearl St NW, Grand Rapids, Michigan 49503",42.966292189884,-85.67436937507,geocoded
Roberts Brothers BBQ-SST2539266799,10/9/2026,10/10/2026,6:00:00 PM,12:00:00 AM,10/09/2026 6:00 PM - 10/10/2026 12:00 AM,"1256 28th St SW, Wyoming, Michigan 49509, United States","1256 28th St SW, Wyoming, Michigan 49509",42.911340223118,-85.696982995466,geocoded
Bessie's Burgers,10/10/2026,10/10/2026,10:00:00 AM,10:00:00 PM,10/10/2026 10:00 AM - 10/10/2026 10:00 PM,"1155 28th St SW, Wyoming, Michigan 49509, United States","1155 28th St SW, Wyoming, Michigan 49509",42.914038525389,-85.694530450597,geocoded
Bessies' Burgers,10/10/2026,10/10/2026,10:00:00 AM,9:00:00 PM,10/10/2026 10:00 AM - 10/10/2026 9:00 PM,"3350 Michael Ave SW, Wyoming, Michigan 49509, United States","3350 Michael Ave SW, Wyoming, Michigan 49509",42.903800324026,-85.693641046851,geocoded
Mike's Concession Trailer,10/10/2026,10/10/2026,10:00:00 AM,5:00:00 PM,10/10/2026 10:00 AM - 10/10/2026 5:00 PM,"3901 Alpine Ave NW, Comstock Park, MI 49321, United States","3901 Alpine Ave NW, Comstock Park, MI 49321",43.034516858419,-85.692917688607,geocoded
Patty Matters-SST2641039910,10/10/2026,10/10/2026,11:00:00 AM,5:00:00 PM,10/10/2026 11:00 AM - 10/10/2026 5:00 PM,"7501 Burlingame Ave SW, Byron Center, Michigan 49315, United States","7501 Burlingame Ave SW, Byron Center, Michigan 49315",42.82849973665,-85.703696145538,geocoded
Last Minute BBQ-SST2641366436,10/10/2026,10/10/2026,12:00:00 PM,8:00:00 PM,10/10/2026 12:00 PM - 10/10/2026 8:00 PM,"830 28th St SW, Wyoming, Michigan 49509, United States","830 28th St SW, Wyoming, Michigan 49509",42.91256331043,-85.686782638396,geocoded
Around Baking Company-SST-2641-253974,10/10/2026,10/10/2026,3:00:00 PM,6:00:00 PM,10/10/2026 3:00 PM - 10/10/2026 6:00 PM,"11221 Spring Hill Dr, Greenville, Michigan 48838, United States","11221 Spring Hill Dr, Greenville, Michigan 48838",43.13605710251,-85.393641713359,geocoded
Bessie's Burgers-SST2641363273,10/10/2026,10/11/2026,4:00:00 PM,12:00:00 AM,10/10/2026 4:00 PM - 10/11/2026 12:00 AM,"252 Pearl St NW, Grand Rapids, Michigan 49503, United States","252 Pearl St NW, Grand Rapids, Michigan 49503",42.966292189884,-85.67436937507,geocoded
Roberts Brothers BBQ-SST2539266799,10/10/2026,10/11/2026,6:00:00 PM,12:00:00 AM,10/10/2026 6:00 PM - 10/11/2026 12:00 AM,"1256 28th St SW, Wyoming, Michigan 49509, United States","1256 28th St SW, Wyoming, Michigan 49509",42.911340223118,-85.696982995466,geocoded
Bessie's Burgers,10/11/2026,10/11/2026,10:00:00 AM,10:00:00 PM,10/11/2026 10:00 AM - 10/11/2026 10:00 PM,"1155 28th St SW, Wyoming, Michigan 49509, United States","1155 28th St SW, Wyoming, Michigan 49509",42.914038525389,-85.694530450597,geocoded
Bessies' Burgers,10/11/2026,10/11/2026,10:00:00 AM,9:00:00 PM,10/11/2026 10:00 AM - 10/11/2026 9:00 PM,"3350 Michael Ave SW, Wyoming, Michigan 49509, United States","3350 Michael Ave SW, Wyoming, Michigan 49509",42.903800324026,-85.693641046851,geocoded
Mike's Concession Trailer,10/11/2026,10/11/2026,10:00:00 AM,5:00:00 PM,10/11/2026 10:00 AM - 10/11/2026 5:00 PM,"3901 Alpine Ave NW, Comstock Park, MI 49321, United States","3901 Alpine Ave NW, Comstock Park, MI 49321",43.034516858419,-85.692917688607,geocoded
Patty Matters-SST2641039910,10/11/2026,10/11/2026,11:00:00 AM,4:00:00 PM,10/11/2026 11:00 AM - 10/11/2026 4:00 PM,"1145 Fulton St E, Grand Rapids, Michigan 49503, United States","1145 Fulton St E, Grand Rapids, Michigan 49503",42.962892364228,-85.640222088266,geocoded
Bessie's Burgers-SST2641363273,10/11/2026,10/12/2026,4:00:00 PM,12:00:00 AM,10/11/2026 4:00 PM - 10/12/2026 12:00 AM,"252 Pearl St NW, Grand Rapids, Michigan 49503, United States","252 Pearl St NW, Grand Rapids, Michigan 49503",42.966292189884,-85.67436937507,geocoded
Roberts Brothers BBQ-SST2539266799,10/11/2026,10/11/2026,6:00:00 PM,10:00:00 PM,10/11/2026 6:00 PM - 10/11/2026 10:00 PM,"1256 28th St SW, Wyoming, Michigan 49509, United States","1256 28th St SW, Wyoming, Michigan 49509",42.911340223118,-85.696982995466,geocoded
Bessie's Burgers,10/12/2026,10/12/2026,10:00:00 AM,10:00:00 PM,10/12/2026 10:00 AM - 10/12/2026 10:00 PM,"1155 28th St SW, Wyoming, Michigan 49509, United States","1155 28th St SW, Wyoming, Michigan 49509",42.914038525389,-85.694530450597,geocoded
Bessies' Burgers,10/12/2026,10/12/2026,10:00:00 AM,9:00:00 PM,10/12/2026 10:00 AM - 10/12/2026 9:00 PM,"3350 Michael Ave SW, Wyoming, Michigan 49509, United States","3350 Michael Ave SW, Wyoming, Michigan 49509",42.903800324026,-85.693641046851,geocoded
Bessie's Burgers-SST2641363273,10/12/2026,10/13/2026,4:00:00 PM,12:00:00 AM,10/12/2026 4:00 PM - 10/13/2026 12:00 AM,"252 Pearl St NW, Grand Rapids, Michigan 49503, United States","252 Pearl St NW, Grand Rapids, Michigan 49503",42.966292189884,-85.67436937507,geocoded
Around Baking Co.,10/13/2026,10/13/2026,9:00:00 AM,1:00:00 PM,10/13/2026 9:00 AM - 10/13/2026 1:00 PM,"7239 Thornapple River Dr SE, Ada, MI 49301","7239 Thornapple River Dr SE, Ada, MI 49301",42.955707145369,-85.488896549441,geocoded
Bessie's Burgers,10/13/2026,10/13/2026,10:00:00 AM,10:00:00 PM,10/13/2026 10:00 AM - 10/13/2026 10:00 PM,"1155 28th St SW, Wyoming, Michigan 49509, United States","1155 28th St SW, Wyoming, Michigan 49509",42.914038525389,-85.694530450597,geocoded
Bessies' Burgers,10/13/2026,10/13/2026,10:00:00 AM,9:00:00 PM,10/13/2026 10:00 AM - 10/13/2026 9:00 PM,"3350 Michael Ave SW, Wyoming, Michigan 49509, United States","3350 Michael Ave SW, Wyoming, Michigan 49509",42.903800324026,-85.693641046851,geocoded
Patty Matters-SST2641039910,10/13/2026,10/13/2026,11:00:00 AM,1:00:00 PM,10/13/2026 11:00 AM - 10/13/2026 1:00 PM,100 corewell ave grand rapids mi 49503,100 corewell ave grand rapids MI 49503,42.9752886542,-85.67170309167,geocoded
Patty Matters-SST2641039910,10/13/2026,10/13/2026,11:00:00 AM,1:00:00 PM,10/13/2026 11:00 AM - 10/13/2026 1:00 PM,"1231 E Beltline Ave SE, Grand Rapids, Michigan 49546, United States","1231 E Beltline Ave SE, Grand Rapids, Michigan 49546",42.941479402133,-85.58511670025,geocoded
Bessie's Burgers-SST2641363273,10/13/2026,10/14/2026,4:00:00 PM,12:00:00 AM,10/13/2026 4:00 PM - 10/14/2026 12:00 AM,"252 Pearl St NW, Grand Rapids, Michigan 49503, United States","252 Pearl St NW, Grand Rapids, Michigan 49503",42.966292189884,-85.67436937507,geocoded
Bessie's Burgers,10/14/2026,10/14/2026,10:00:00 AM,10:00:00 PM,10/14/2026 10:00 AM - 10/14/2026 10:00 PM,"1155 28th St SW, Wyoming, Michigan 49509, United States","1155 28th St SW, Wyoming, Michigan 49509",42.914038525389,-85.694530450597,geocoded
Bessies' Burgers,10/14/2026,10/14/2026,10:00:00 AM,9:00:00 PM,10/14/2026 10:00 AM - 10/14/2026 9:00 PM,"3350 Michael Ave SW, Wyoming, Michigan 49509, United States","3350 Michael Ave SW, Wyoming, Michigan 49509",42.903800324026,-85.693641046851,geocoded
Patty Matters-SST2641039910,10/14/2026,10/14/2026,11:00:00 AM,1:00:00 PM,10/14/2026 11:00 AM - 10/14/2026 1:00 PM,"5353 52nd St SE, Grand Rapids, Michigan 49512, United States","5353 52nd St SE, Grand Rapids, Michigan 49512",42.870712216418,-85.53420895037,geocoded
Bessie's Burgers-SST2641363273,10/14/2026,10/15/2026,4:00:00 PM,12:00:00 AM,10/14/2026 4:00 PM - 10/15/2026 12:00 AM,"252 Pearl St NW, Grand Rapids, Michigan 49503, United States","252 Pearl St NW, Grand Rapids, Michigan 49503",42.966292189884,-85.67436937507,geocoded
Patty Matters-SST2641039910,10/14/2026,10/14/2026,4:00:00 PM,7:00:00 PM,10/14/2026 4:00 PM - 10/14/2026 7:00 PM,"1860 R W Berends Dr SW, Wyoming, Michigan 49519, United States","1860 R W Berends Dr SW, Wyoming, Michigan 49519",42.882547086516,-85.710706434078,geocoded
Bessie's Burgers,10/15/2026,10/15/2026,10:00:00 AM,10:00:00 PM,10/15/2026 10:00 AM - 10/15/2026 10:00 PM,"1155 28th St SW, Wyoming, Michigan 49509, United States","1155 28th St SW, Wyoming, Michigan 49509",42.914038525389,-85.694530450597,geocoded
Bessies' Burgers,10/15/2026,10/15/2026,10:00:00 AM,9:00:00 PM,10/15/2026 10:00 AM - 10/15/2026 9:00 PM,"3350 Michael Ave SW, Wyoming, Michigan 49509, United States","3350 Michael Ave SW, Wyoming, Michigan 49509",42.903800324026,-85.693641046851,geocoded
Bessie's Burgers-SST2641363273,10/15/2026,10/16/2026,4:00:00 PM,12:00:00 AM,10/15/2026 4:00 PM - 10/16/2026 12:00 AM,"252 Pearl St NW, Grand Rapids, Michigan 49503, United States","252 Pearl St NW, Grand Rapids, Michigan 49503",42.966292189884,-85.67436937507,geocoded
Patty Matters-SST2641039910,10/15/2026,10/15/2026,5:00:00 PM,8:00:00 PM,10/15/2026 5:00 PM - 10/15/2026 8:00 PM,"4055 Maple St SW, Grandville, Michigan 49418, United States","4055 Maple St SW, Grandville, Michigan 49418",42.907771334475,-85.764574243577,geocoded
Roberts Brothers BBQ-SST2539266799,10/15/2026,10/15/2026,6:00:00 PM,10:00:00 PM,10/15/2026 6:00 PM - 10/15/2026 10:00 PM,"1256 28th St SW, Wyoming, Michigan 49509, United States","1256 28th St SW, Wyoming, Michigan 49509",42.911340223118,-85.696982995466,geocoded
Bessie's Burgers,10/16/2026,10/16/2026,10:00:00 AM,10:00:00 PM,10/16/2026 10:00 AM - 10/16/2026 10:00 PM,"1155 28th St SW, Wyoming, Michigan 49509, United States","1155 28th St SW, Wyoming, Michigan 49509",42.914038525389,-85.694530450597,geocoded
Bessies' Burgers,10/16/2026,10/16/2026,10:00:00 AM,9:00:00 PM,10/16/2026 10:00 AM - 10/16/2026 9:00 PM,"3350 Michael Ave SW, Wyoming, Michigan 49509, United States","3350 Michael Ave SW, Wyoming, Michigan 49509",42.903800324026,-85.693641046851,geocoded
Mike's Concession Trailer,10/16/2026,10/16/2026,10:00:00 AM,5:00:00 PM,10/16/2026 10:00 AM - 10/16/2026 5:00 PM,"3901 Alpine Ave NW, Comstock Park, MI 49321, United States","3901 Alpine Ave NW, Comstock Park, MI 49321",43.034516858419,-85.692917688607,geocoded
Patty Matters-SST2641039910,10/16/2026,10/16/2026,11:00:00 AM,1:00:00 PM,10/16/2026 11:00 AM - 10/16/2026 1:00 PM,"3251 Fruit Ridge Ave NW, Grand Rapids, Michigan 49544, United States","3251 Fruit Ridge Ave NW, Grand Rapids, Michigan 49544",43.024386364512,-85.765982570949,geocoded
Roberts Brothers BBQ-SST2539266799,10/16/2026,10/16/2026,11:00:00 AM,2:00:00 PM,10/16/2026 11:00 AM - 10/16/2026 2:00 PM,"1100 Market Ave SW, Grand Rapids, Michigan 49503, United States","1100 Market Ave SW, Grand Rapids, Michigan 49503",42.948864153334,-85.696975404784,geocoded
Last Minute BBQ-SST2641366436,10/16/2026,10/16/2026,12:00:00 PM,8:00:00 PM,10/16/2026 12:00 PM - 10/16/2026 8:00 PM,"830 28th St SW, Wyoming, Michigan 49509, United States","830 28th St SW, Wyoming, Michigan 49509",42.91256331043,-85.686782638396,geocoded
Bessie's Burgers-SST2641363273,10/16/2026,10/17/2026,4:00:00 PM,12:00:00 AM,10/16/2026 4:00 PM - 10/17/2026 12:00 AM,"252 Pearl St NW, Grand Rapids, Michigan 49503, United States","252 Pearl St NW, Grand Rapids, Michigan 49503",42.966292189884,-85.67436937507,geocoded
Roberts Brothers BBQ-SST2539266799,10/16/2026,10/17/2026,6:00:00 PM,12:00:00 AM,10/16/2026 6:00 PM - 10/17/2026 12:00 AM,"1256 28th St SW, Wyoming, Michigan 49509, United States","1256 28th St SW, Wyoming, Michigan 49509",42.911340223118,-85.696982995466,geocoded
Bessie's Burgers,10/17/2026,10/17/2026,10:00:00 AM,10:00:00 PM,10/17/2026 10:00 AM - 10/17/2026 10:00 PM,"1155 28th St SW, Wyoming, Michigan 49509, United States","1155 28th St SW, Wyoming, Michigan 49509",42.914038525389,-85.694530450597,geocoded
Bessies' Burgers,10/17/2026,10/17/2026,10:00:00 AM,9:00:00 PM,10/17/2026 10:00 AM - 10/17/2026 9:00 PM,"3350 Michael Ave SW, Wyoming, Michigan 49509, United States","3350 Michael Ave SW, Wyoming, Michigan 49509",42.903800324026,-85.693641046851,geocoded
Mike's Concession Trailer,10/17/2026,10/17/2026,10:00:00 AM,5:00:00 PM,10/17/2026 10:00 AM - 10/17/2026 5:00 PM,"3901 Alpine Ave NW, Comstock Park, MI 49321, United States","3901 Alpine Ave NW, Comstock Park, MI 49321",43.034516858419,-85.692917688607,geocoded
Last Minute BBQ-SST2641366436,10/17/2026,10/17/2026,12:00:00 PM,8:00:00 PM,10/17/2026 12:00 PM - 10/17/2026 8:00 PM,"830 28th St SW, Wyoming, Michigan 49509, United States","830 28th St SW, Wyoming, Michigan 49509",42.91256331043,-85.686782638396,geocoded
Bessie's Burgers-SST2641363273,10/17/2026,10/18/2026,4:00:00 PM,12:00:00 AM,10/17/2026 4:00 PM - 10/18/2026 12:00 AM,"252 Pearl St NW, Grand Rapids, Michigan 49503, United States","252 Pearl St NW, Grand Rapids, Michigan 49503",42.966292189884,-85.67436937507,geocoded
Neko Taiyaki-SST-2641-360720,10/17/2026,10/17/2026,6:00:00 PM,10:00:00 PM,10/17/2026 6:00 PM - 10/17/2026 10:00 PM,"928 Wealthy St SE, Grand Rapids, Michigan 49506, United States","928 Wealthy St SE, Grand Rapids, Michigan 49506",42.955156957244,-85.645707457161,geocoded
Roberts Brothers BBQ-SST2539266799,10/17/2026,10/18/2026,6:00:00 PM,12:00:00 AM,10/17/2026 6:00 PM - 10/18/2026 12:00 AM,"1256 28th St SW, Wyoming, Michigan 49509, United States","1256 28th St SW, Wyoming, Michigan 49509",42.911340223118,-85.696982995466,geocoded
Bessie's Burgers,10/18/2026,10/18/2026,10:00:00 AM,10:00:00 PM,10/18/2026 10:00 AM - 10/18/2026 10:00 PM,"1155 28th St SW, Wyoming, Michigan 49509, United States","1155 28th St SW, Wyoming, Michigan 49509",42.914038525389,-85.694530450597,geocoded
Bessies' Burgers,10/18/2026,10/18/2026,10:00:00 AM,9:00:00 PM,10/18/2026 10:00 AM - 10/18/2026 9:00 PM,"3350 Michael Ave SW, Wyoming, Michigan 49509, United States","3350 Michael Ave SW, Wyoming, Michigan 49509",42.903800324026,-85.693641046851,geocoded
Mike's Concession Trailer,10/18/2026,10/18/2026,10:00:00 AM,5:00:00 PM,10/18/2026 10:00 AM - 10/18/2026 5:00 PM,"3901 Alpine Ave NW, Comstock Park, MI 49321, United States","3901 Alpine Ave NW, Comstock Park, MI 49321",43.034516858419,-85.692917688607,geocoded
Bessie's Burgers-SST2641363273,10/18/2026,10/19/2026,4:00:00 PM,12:00:00 AM,10/18/2026 4:00 PM - 10/19/2026 12:00 AM,"252 Pearl St NW, Grand Rapids, Michigan 49503, United States","252 Pearl St NW, Grand Rapids, Michigan 49503",42.966292189884,-85.67436937507,geocoded
Roberts Brothers BBQ-SST2539266799,10/18/2026,10/18/2026,6:00:00 PM,10:00:00 PM,10/18/2026 6:00 PM - 10/18/2026 10:00 PM,"1256 28th St SW, Wyoming, Michigan 49509, United States","1256 28th St SW, Wyoming, Michigan 49509",42.911340223118,-85.696982995466,geocoded
Bessie's Burgers,10/19/2026,10/19/2026,10:00:00 AM,10:00:00 PM,10/19/2026 10:00 AM - 10/19/2026 10:00 PM,"1155 28th St SW, Wyoming, Michigan 49509, United States","1155 28th St SW, Wyoming, Michigan 49509",42.914038525389,-85.694530450597,geocoded
Bessies' Burgers,10/19/2026,10/19/2026,10:00:00 AM,9:00:00 PM,10/19/2026 10:00 AM - 10/19/2026 9:00 PM,"3350 Michael Ave SW, Wyoming, Michigan 49509, United States","3350 Michael Ave SW, Wyoming, Michigan 49509",42.903800324026,-85.693641046851,geocoded
Bessie's Burgers-SST2641363273,10/19/2026,10/20/2026,4:00:00 PM,12:00:00 AM,10/19/2026 4:00 PM - 10/20/2026 12:00 AM,"252 Pearl St NW, Grand Rapids, Michigan 49503, United States","252 Pearl St NW, Grand Rapids, Michigan 49503",42.966292189884,-85.67436937507,geocoded
Bessie's Burgers,10/20/2026,10/20/2026,10:00:00 AM,10:00:00 PM,10/20/2026 10:00 AM - 10/20/2026 10:00 PM,"1155 28th St SW, Wyoming, Michigan 49509, United States","1155 28th St SW, Wyoming, Michigan 49509",42.914038525389,-85.694530450597,geocoded
Bessies' Burgers,10/20/2026,10/20/2026,10:00:00 AM,9:00:00 PM,10/20/2026 10:00 AM - 10/20/2026 9:00 PM,"3350 Michael Ave SW, Wyoming, Michigan 49509, United States","3350 Michael Ave SW, Wyoming, Michigan 49509",42.903800324026,-85.693641046851,geocoded
Patty Matters-SST2641039910,10/20/2026,10/20/2026,11:30:00 AM,1:30:00 PM,10/20/2026 11:30 AM - 10/20/2026 1:30 PM,5320 rusche dr nw comstock park 49321,5320 rusche dr NW comstock park 49321,43.059946463006,-85.680314491354,geocoded
Bessie's Burgers-SST2641363273,10/20/2026,10/21/2026,4:00:00 PM,12:00:00 AM,10/20/2026 4:00 PM - 10/21/2026 12:00 AM,"252 Pearl St NW, Grand Rapids, Michigan 49503, United States","252 Pearl St NW, Grand Rapids, Michigan 49503",42.966292189884,-85.67436937507,geocoded
Patty Matters-SST2641039910,10/20/2026,10/20/2026,4:00:00 PM,7:00:00 PM,10/20/2026 4:00 PM - 10/20/2026 7:00 PM,"4277 Stonebridge Dr SW, Wyoming, Michigan 49519, United States","4277 Stonebridge Dr SW, Wyoming, Michigan 49519",42.887473424379,-85.729244437874,geocoded
Bessie's Burgers,10/21/2026,10/21/2026,10:00:00 AM,10:00:00 PM,10/21/2026 10:00 AM - 10/21/2026 10:00 PM,"1155 28th St SW, Wyoming, Michigan 49509, United States","1155 28th St SW, Wyoming, Michigan 49509",42.914038525389,-85.694530450597,geocoded
Bessies' Burgers,10/21/2026,10/21/2026,10:00:00 AM,9:00:00 PM,10/21/2026 10:00 AM - 10/21/2026 9:00 PM,"3350 Michael Ave SW, Wyoming, Michigan 49509, United States","3350 Michael Ave SW, Wyoming, Michigan 49509",42.903800324026,-85.693641046851,geocoded
Bessie's Burgers-SST2641363273,10/21/2026,10/22/2026,4:00:00 PM,12:00:00 AM,10/21/2026 4:00 PM - 10/22/2026 12:00 AM,"252 Pearl St NW, Grand Rapids, Michigan 49503, United States","252 Pearl St NW, Grand Rapids, Michigan 49503",42.966292189884,-85.67436937507,geocoded
Patty Matters-SST2641039910,10/21/2026,10/21/2026,4:00:00 PM,7:00:00 PM,10/21/2026 4:00 PM - 10/21/2026 7:00 PM,"5700 Wilson Ave SW, Wyoming, Michigan 49418, United States","5700 Wilson Ave SW, Wyoming, Michigan 49418",42.861401766008,-85.760599796549,geocoded
Bessie's Burgers,10/22/2026,10/22/2026,10:00:00 AM,10:00:00 PM,10/22/2026 10:00 AM - 10/22/2026 10:00 PM,"1155 28th St SW, Wyoming, Michigan 49509, United States","1155 28th St SW, Wyoming, Michigan 49509",42.914038525389,-85.694530450597,geocoded
Bessies' Burgers,10/22/2026,10/22/2026,10:00:00 AM,9:00:00 PM,10/22/2026 10:00 AM - 10/22/2026 9:00 PM,"3350 Michael Ave SW, Wyoming, Michigan 49509, United States","3350 Michael Ave SW, Wyoming, Michigan 49509",42.903800324026,-85.693641046851,geocoded
Patty Matters-SST2641039910,10/22/2026,10/22/2026,11:00:00 AM,1:00:00 PM,10/22/2026 11:00 AM - 10/22/2026 1:00 PM,6105 wilson ave sw wyoming mi 49418,6105 wilson ave SW wyoming MI 49418,42.854064876611,-85.763670339139,geocoded
Around Baking Company-SST-2641-253974,10/22/2026,10/22/2026,4:00:00 PM,7:00:00 PM,10/22/2026 4:00 PM - 10/22/2026 7:00 PM,"1961 Lake Dr SE, Grand Rapids, Michigan 49506, United States","1961 Lake Dr SE, Grand Rapids, Michigan 49506",42.951281039487,-85.619543011123,geocoded
Bessie's Burgers-SST2641363273,10/22/2026,10/23/2026,4:00:00 PM,12:00:00 AM,10/22/2026 4:00 PM - 10/23/2026 12:00 AM,"252 Pearl St NW, Grand Rapids, Michigan 49503, United States","252 Pearl St NW, Grand Rapids, Michigan 49503",42.966292189884,-85.67436937507,geocoded
Patty Matters-SST2641039910,10/22/2026,10/22/2026,4:00:00 PM,7:30:00 PM,10/22/2026 4:00 PM - 10/22/2026 7:30 PM,"1961 Lake Dr SE, Grand Rapids, Michigan 49506, United States","1961 Lake Dr SE, Grand Rapids, Michigan 49506",42.951281039487,-85.619543011123,geocoded
Roberts Brothers BBQ-SST2539266799,10/22/2026,10/22/2026,6:00:00 PM,10:00:00 PM,10/22/2026 6:00 PM - 10/22/2026 10:00 PM,"1256 28th St SW, Wyoming, Michigan 49509, United States","1256 28th St SW, Wyoming, Michigan 49509",42.911340223118,-85.696982995466,geocoded
Bessie's Burgers,10/23/2026,10/23/2026,10:00:00 AM,10:00:00 PM,10/23/2026 10:00 AM - 10/23/2026 10:00 PM,"1155 28th St SW, Wyoming, Michigan 49509, United States","1155 28th St SW, Wyoming, Michigan 49509",42.914038525389,-85.694530450597,geocoded
Bessies' Burgers,10/23/2026,10/23/2026,10:00:00 AM,9:00:00 PM,10/23/2026 10:00 AM - 10/23/2026 9:00 PM,"3350 Michael Ave SW, Wyoming, Michigan 49509, United States","3350 Michael Ave SW, Wyoming, Michigan 49509",42.903800324026,-85.693641046851,geocoded
Mike's Concession Trailer,10/23/2026,10/23/2026,10:00:00 AM,5:00:00 PM,10/23/2026 10:00 AM - 10/23/2026 5:00 PM,"3901 Alpine Ave NW, Comstock Park, MI 49321, United States","3901 Alpine Ave NW, Comstock Park, MI 49321",43.034516858419,-85.692917688607,geocoded
Last Minute BBQ-SST2641366436,10/23/2026,10/23/2026,12:00:00 PM,8:00:00 PM,10/23/2026 12:00 PM - 10/23/2026 8:00 PM,"830 28th St SW, Wyoming, Michigan 49509, United States","830 28th St SW, Wyoming, Michigan 49509",42.91256331043,-85.686782638396,geocoded
Around Baking Company-SST-2641-253974,10/23/2026,10/23/2026,4:00:00 PM,7:00:00 PM,10/23/2026 4:00 PM - 10/23/2026 7:00 PM,"3375 Cheney Ave NE, Grand Rapids, Michigan 49525, United States","3375 Cheney Ave NE, Grand Rapids, Michigan 49525",43.02377888608,-85.647529179998,geocoded
Bessie's Burgers-SST2641363273,10/23/2026,10/24/2026,4:00:00 PM,12:00:00 AM,10/23/2026 4:00 PM - 10/24/2026 12:00 AM,"252 Pearl St NW, Grand Rapids, Michigan 49503, United States","252 Pearl St NW, Grand Rapids, Michigan 49503",42.966292189884,-85.67436937507,geocoded
Patty Matters-SST2641039910,10/23/2026,10/23/2026,5:00:00 PM,7:00:00 PM,10/23/2026 5:00 PM - 10/23/2026 7:00 PM,"3375 Cheney Ave NE, Grand Rapids, Michigan 49525, United States","3375 Cheney Ave NE, Grand Rapids, Michigan 49525",43.02377888608,-85.647529179998,geocoded
Roberts Brothers BBQ-SST2539266799,10/23/2026,10/24/2026,6:00:00 PM,12:00:00 AM,10/23/2026 6:00 PM - 10/24/2026 12:00 AM,"1256 28th St SW, Wyoming, Michigan 49509, United States","1256 28th St SW, Wyoming, Michigan 49509",42.911340223118,-85.696982995466,geocoded
Around Baking Company-SST-2641-253974,10/24/2026,10/24/2026,8:00:00 AM,3:00:00 PM,10/24/2026 8:00 AM - 10/24/2026 3:00 PM,"1124 Fallasburg Park Dr NE, Lowell, Michigan 49331, United States","1124 Fallasburg Park Dr NE, Lowell, Michigan 49331",42.984338636968,-85.333851038168,geocoded
Bessie's Burgers,10/24/2026,10/24/2026,10:00:00 AM,10:00:00 PM,10/24/2026 10:00 AM - 10/24/2026 10:00 PM,"1155 28th St SW, Wyoming, Michigan 49509, United States","1155 28th St SW, Wyoming, Michigan 49509",42.914038525389,-85.694530450597,geocoded
Bessies' Burgers,10/24/2026,10/24/2026,10:00:00 AM,9:00:00 PM,10/24/2026 10:00 AM - 10/24/2026 9:00 PM,"3350 Michael Ave SW, Wyoming, Michigan 49509, United States","3350 Michael Ave SW, Wyoming, Michigan 49509",42.903800324026,-85.693641046851,geocoded
Full Circle Coffee-SST-0303212584,10/24/2026,10/24/2026,10:00:00 AM,3:00:00 PM,10/24/2026 10:00 AM - 10/24/2026 3:00 PM,"2445 84th St SW, Byron Center, Michigan 49315, United States","2445 84th St SW, Byron Center, Michigan 49315",42.81284913086,-85.724152431695,geocoded
Mike's Concession Trailer,10/24/2026,10/24/2026,10:00:00 AM,5:00:00 PM,10/24/2026 10:00 AM - 10/24/2026 5:00 PM,"3901 Alpine Ave NW, Comstock Park, MI 49321, United States","3901 Alpine Ave NW, Comstock Park, MI 49321",43.034516858419,-85.692917688607,geocoded
Patty Matters-SST2641039910,10/24/2026,10/24/2026,10:00:00 AM,2:00:00 PM,10/24/2026 10:00 AM - 10/24/2026 2:00 PM,"2495 84th St SW, Byron Center, Michigan 49315, United States","2495 84th St SW, Byron Center, Michigan 49315",42.812367548613,-85.725166390522,geocoded
Last Minute BBQ-SST2641366436,10/24/2026,10/24/2026,12:00:00 PM,8:00:00 PM,10/24/2026 12:00 PM - 10/24/2026 8:00 PM,"830 28th St SW, Wyoming, Michigan 49509, United States","830 28th St SW, Wyoming, Michigan 49509",42.91256331043,-85.686782638396,geocoded
Patty Matters-SST2641039910,10/24/2026,10/24/2026,3:00:00 PM,10:00:00 PM,10/24/2026 3:00 PM - 10/24/2026 10:00 PM,"819 Ottawa Ave NW, Grand Rapids, Michigan 49503, United States","819 Ottawa Ave NW, Grand Rapids, Michigan 49503",42.977329563805,-85.670628280226,geocoded
Bessie's Burgers-SST2641363273,10/24/2026,10/25/2026,4:00:00 PM,12:00:00 AM,10/24/2026 4:00 PM - 10/25/2026 12:00 AM,"252 Pearl St NW, Grand Rapids, Michigan 49503, United States","252 Pearl St NW, Grand Rapids, Michigan 49503",42.966292189884,-85.67436937507,geocoded
Patty Matters-SST2641039910,10/24/2026,10/24/2026,4:00:00 PM,7:00:00 PM,10/24/2026 4:00 PM - 10/24/2026 7:00 PM,"9282 Sunset Ridge Dr NE, Rockford, Michigan 49341, United States","9282 Sunset Ridge Dr NE, Rockford, Michigan 49341",43.138251585485,-85.603233671562,geocoded
Roberts Brothers BBQ-SST2539266799,10/24/2026,10/25/2026,6:00:00 PM,12:00:00 AM,10/24/2026 6:00 PM - 10/25/2026 12:00 AM,"1256 28th St SW, Wyoming, Michigan 49509, United States","1256 28th St SW, Wyoming, Michigan 49509",42.911340223118,-85.696982995466,geocoded
Patty Matters-SST2641039910,10/25/2026,10/25/2026,9:00:00 AM,2:00:00 PM,10/25/2026 9:00 AM - 10/25/2026 2:00 PM,"301 36th St SW, Wyoming, Michigan, United States","301 36th St SW, Wyoming, Michigan",42.899060064414,-85.672076673094,geocoded
Bessies' Burgers,10/25/2026,10/25/2026,10:00:00 AM,9:00:00 PM,10/25/2026 10:00 AM - 10/25/2026 9:00 PM,"3350 Michael Ave SW, Wyoming, Michigan 49509, United States","3350 Michael Ave SW, Wyoming, Michigan 49509",42.903800324026,-85.693641046851,geocoded
Mike's Concession Trailer,10/25/2026,10/25/2026,10:00:00 AM,5:00:00 PM,10/25/2026 10:00 AM - 10/25/2026 5:00 PM,"3901 Alpine Ave NW, Comstock Park, MI 49321, United States","3901 Alpine Ave NW, Comstock Park, MI 49321",43.034516858419,-85.692917688607,geocoded
Around Baking Company-SST-2641-253974,10/25/2026,10/25/2026,2:00:00 PM,5:00:00 PM,10/25/2026 2:00 PM - 10/25/2026 5:00 PM,"1116 Buttrick Ave SE, Ada, Michigan 49301, United States","1116 Buttrick Ave SE, Ada, Michigan 49301",42.94463130276,-85.480380489407,geocoded
Bessie's Burgers-SST2641363273,10/25/2026,10/26/2026,4:00:00 PM,12:00:00 AM,10/25/2026 4:00 PM - 10/26/2026 12:00 AM,"252 Pearl St NW, Grand Rapids, Michigan 49503, United States","252 Pearl St NW, Grand Rapids, Michigan 49503",42.966292189884,-85.67436937507,geocoded
Roberts Brothers BBQ-SST2539266799,10/25/2026,10/25/2026,6:00:00 PM,10:00:00 PM,10/25/2026 6:00 PM - 10/25/2026 10:00 PM,"1256 28th St SW, Wyoming, Michigan 49509, United States","1256 28th St SW, Wyoming, Michigan 49509",42.911340223118,-85.696982995466,geocoded
Bessies' Burgers,10/26/2026,10/26/2026,10:00:00 AM,9:00:00 PM,10/26/2026 10:00 AM - 10/26/2026 9:00 PM,"3350 Michael Ave SW, Wyoming, Michigan 49509, United States","3350 Michael Ave SW, Wyoming, Michigan 49509",42.903800324026,-85.693641046851,geocoded
Bessie's Burgers-SST2641363273,10/26/2026,10/27/2026,4:00:00 PM,12:00:00 AM,10/26/2026 4:00 PM - 10/27/2026 12:00 AM,"252 Pearl St NW, Grand Rapids, Michigan 49503, United States","252 Pearl St NW, Grand Rapids, Michigan 49503",42.966292189884,-85.67436937507,geocoded
Bessies' Burgers,10/27/2026,10/27/2026,10:00:00 AM,9:00:00 PM,10/27/2026 10:00 AM - 10/27/2026 9:00 PM,"3350 Michael Ave SW, Wyoming, Michigan 49509, United States","3350 Michael Ave SW, Wyoming, Michigan 49509",42.903800324026,-85.693641046851,geocoded
Patty Matters-SST2641039910,10/27/2026,10/27/2026,11:00:00 AM,1:00:00 PM,10/27/2026 11:00 AM - 10/27/2026 1:00 PM,"4152 E Paris Ave SE, Grand Rapids, Michigan 49512, United States","4152 E Paris Ave SE, Grand Rapids, Michigan 49512",42.888476570551,-85.563213436661,geocoded
Around Baking Company-SST-2641-253974,10/27/2026,10/27/2026,4:00:00 PM,8:00:00 PM,10/27/2026 4:00 PM - 10/27/2026 8:00 PM,"6219 Baneberry Ave SW, Wyoming, Michigan 49418, United States","6219 Baneberry Ave SW, Wyoming, Michigan 49418",42.851962318109,-85.767905966271,geocoded
Bessie's Burgers-SST2641363273,10/27/2026,10/28/2026,4:00:00 PM,12:00:00 AM,10/27/2026 4:00 PM - 10/28/2026 12:00 AM,"252 Pearl St NW, Grand Rapids, Michigan 49503, United States","252 Pearl St NW, Grand Rapids, Michigan 49503",42.966292189884,-85.67436937507,geocoded
Bessies' Burgers,10/28/2026,10/28/2026,10:00:00 AM,9:00:00 PM,10/28/2026 10:00 AM - 10/28/2026 9:00 PM,"3350 Michael Ave SW, Wyoming, Michigan 49509, United States","3350 Michael Ave SW, Wyoming, Michigan 49509",42.903800324026,-85.693641046851,geocoded
Around Baking Company,10/28/2026,10/28/2026,4:00:00 PM,8:00:00 PM,10/28/2026 4:00 PM - 10/28/2026 8:00 PM,"6219 Baneberry Ave SW, Wyoming, Michigan 49418, United States","6219 Baneberry Ave SW, Wyoming, Michigan 49418",42.851962318109,-85.767905966271,geocoded
Around Baking Company-SST-2641-253974,10/28/2026,10/28/2026,4:00:00 PM,8:00:00 PM,10/28/2026 4:00 PM - 10/28/2026 8:00 PM,"6350 Courtland Dr NE, Rockford, Michigan 49341, United States","6350 Courtland Dr NE, Rockford, Michigan 49341",43.077797988932,-85.549916469282,geocoded
Bessie's Burgers-SST2641363273,10/28/2026,10/29/2026,4:00:00 PM,12:00:00 AM,10/28/2026 4:00 PM - 10/29/2026 12:00 AM,"252 Pearl St NW, Grand Rapids, Michigan 49503, United States","252 Pearl St NW, Grand Rapids, Michigan 49503",42.966292189884,-85.67436937507,geocoded
Macatawa Bank Sack Wagon-SST-4170-038046,10/28/2026,10/28/2026,6:30:00 PM,7:30:00 PM,10/28/2026 6:30 PM - 10/28/2026 7:30 PM,"1440 68th St SE, Grand Rapids, Michigan 49508, United States","1440 68th St SE, Grand Rapids, Michigan 49508",42.839560412261,-85.628790261982,geocoded
Bessies' Burgers,10/29/2026,10/29/2026,10:00:00 AM,9:00:00 PM,10/29/2026 10:00 AM - 10/29/2026 9:00 PM,"3350 Michael Ave SW, Wyoming, Michigan 49509, United States","3350 Michael Ave SW, Wyoming, Michigan 49509",42.903800324026,-85.693641046851,geocoded
Bessie's Burgers-SST2641363273,10/29/2026,10/30/2026,4:00:00 PM,12:00:00 AM,10/29/2026 4:00 PM - 10/30/2026 12:00 AM,"252 Pearl St NW, Grand Rapids, Michigan 49503, United States","252 Pearl St NW, Grand Rapids, Michigan 49503",42.966292189884,-85.67436937507,geocoded
Roberts Brothers BBQ-SST2539266799,10/29/2026,10/29/2026,6:00:00 PM,10:00:00 PM,10/29/2026 6:00 PM - 10/29/2026 10:00 PM,"1256 28th St SW, Wyoming, Michigan 49509, United States","1256 28th St SW, Wyoming, Michigan 49509",42.911340223118,-85.696982995466,geocoded
Bessies' Burgers,10/30/2026,10/30/2026,10:00:00 AM,9:00:00 PM,10/30/2026 10:00 AM - 10/30/2026 9:00 PM,"3350 Michael Ave SW, Wyoming, Michigan 49509, United States","3350 Michael Ave SW, Wyoming, Michigan 49509",42.903800324026,-85.693641046851,geocoded
Around Baking Company-SST-2641-253974,10/30/2026,10/30/2026,11:00:00 AM,1:00:00 PM,10/30/2026 11:00 AM - 10/30/2026 1:00 PM,"700 Elizabeth St, Lowell, Michigan 49331, United States","700 Elizabeth St, Lowell, Michigan 49331",42.936827830475,-85.347362917544,geocoded
Last Minute BBQ-SST2641366436,10/30/2026,10/30/2026,12:00:00 PM,8:00:00 PM,10/30/2026 12:00 PM - 10/30/2026 8:00 PM,"830 28th St SW, Wyoming, Michigan 49509, United States","830 28th St SW, Wyoming, Michigan 49509",42.91256331043,-85.686782638396,geocoded
Bessie's Burgers-SST2641363273,10/30/2026,10/31/2026,4:00:00 PM,12:00:00 AM,10/30/2026 4:00 PM - 10/31/2026 12:00 AM,"252 Pearl St NW, Grand Rapids, Michigan 49503, United States","252 Pearl St NW, Grand Rapids, Michigan 49503",42.966292189884,-85.67436937507,geocoded
Roberts Brothers BBQ-SST2539266799,10/30/2026,10/31/2026,6:00:00 PM,12:00:00 AM,10/30/2026 6:00 PM - 10/31/2026 12:00 AM,"1256 28th St SW, Wyoming, Michigan 49509, United States","1256 28th St SW, Wyoming, Michigan 49509",42.911340223118,-85.696982995466,geocoded
Bessies' Burgers,10/31/2026,10/31/2026,10:00:00 AM,9:00:00 PM,10/31/2026 10:00 AM - 10/31/2026 9:00 PM,"3350 Michael Ave SW, Wyoming, Michigan 49509, United States","3350 Michael Ave SW, Wyoming, Michigan 49509",42.903800324026,-85.693641046851,geocoded
Last Minute BBQ-SST2641366436,10/31/2026,10/31/2026,12:00:00 PM,8:00:00 PM,10/31/2026 12:00 PM - 10/31/2026 8:00 PM,"830 28th St SW, Wyoming, Michigan 49509, United States","830 28th St SW, Wyoming, Michigan 49509",42.91256331043,-85.686782638396,geocoded
Bessie's Burgers-SST2641363273,10/31/2026,11/1/2026,4:00:00 PM,12:00:00 AM,10/31/2026 4:00 PM - 11/01/2026 12:00 AM,"252 Pearl St NW, Grand Rapids, Michigan 49503, United States","252 Pearl St NW, Grand Rapids, Michigan 49503",42.966292189884,-85.67436937507,geocoded
Roberts Brothers BBQ-SST2539266799,10/31/2026,11/1/2026,6:00:00 PM,12:00:00 AM,10/31/2026 6:00 PM - 11/01/2026 12:00 AM,"1256 28th St SW, Wyoming, Michigan 49509, United States","1256 28th St SW, Wyoming, Michigan 49509",42.911340223118,-85.696982995466,geocoded
Around Baking Company-SST-2641-253974,11/1/2026,11/1/2026,10:00:00 AM,3:00:00 PM,11/01/2026 10:00 AM - 11/01/2026 3:00 PM,"1145 Fulton St E, Grand Rapids, Michigan 49503, United States","1145 Fulton St E, Grand Rapids, Michigan 49503",42.962892364228,-85.640222088266,geocoded
Bessies' Burgers,11/1/2026,11/1/2026,10:00:00 AM,9:00:00 PM,11/01/2026 10:00 AM - 11/01/2026 9:00 PM,"3350 Michael Ave SW, Wyoming, Michigan 49509, United States","3350 Michael Ave SW, Wyoming, Michigan 49509",42.903800324026,-85.693641046851,geocoded
Roberts Brothers BBQ-SST2539266799,11/1/2026,11/1/2026,6:00:00 PM,10:00:00 PM,11/01/2026 6:00 PM - 11/01/2026 10:00 PM,"1256 28th St SW, Wyoming, Michigan 49509, United States","1256 28th St SW, Wyoming, Michigan 49509",42.911340223118,-85.696982995466,geocoded
Bessies' Burgers,11/2/2026,11/2/2026,10:00:00 AM,9:00:00 PM,11/02/2026 10:00 AM - 11/02/2026 9:00 PM,"3350 Michael Ave SW, Wyoming, Michigan 49509, United States","3350 Michael Ave SW, Wyoming, Michigan 49509",42.903800324026,-85.693641046851,geocoded
Bessies' Burgers,11/3/2026,11/3/2026,10:00:00 AM,9:00:00 PM,11/03/2026 10:00 AM - 11/03/2026 9:00 PM,"3350 Michael Ave SW, Wyoming, Michigan 49509, United States","3350 Michael Ave SW, Wyoming, Michigan 49509",42.903800324026,-85.693641046851,geocoded
Around Baking Company-SST-2641-253974,11/3/2026,11/3/2026,11:00:00 AM,2:00:00 PM,11/03/2026 11:00 AM - 11/03/2026 2:00 PM,100 corewell dr nw grand rapids mi 49503,100 corewell dr Grand Rapids MI 49503,42.9752886542,-85.67170309167,geocoded
Bessies' Burgers,11/4/2026,11/4/2026,10:00:00 AM,9:00:00 PM,11/04/2026 10:00 AM - 11/04/2026 9:00 PM,"3350 Michael Ave SW, Wyoming, Michigan 49509, United States","3350 Michael Ave SW, Wyoming, Michigan 49509",42.903800324026,-85.693641046851,geocoded
Bessies' Burgers,11/5/2026,11/5/2026,10:00:00 AM,9:00:00 PM,11/05/2026 10:00 AM - 11/05/2026 9:00 PM,"3350 Michael Ave SW, Wyoming, Michigan 49509, United States","3350 Michael Ave SW, Wyoming, Michigan 49509",42.903800324026,-85.693641046851,geocoded
Roberts Brothers BBQ-SST2539266799,11/5/2026,11/5/2026,6:00:00 PM,10:00:00 PM,11/05/2026 6:00 PM - 11/05/2026 10:00 PM,"1256 28th St SW, Wyoming, Michigan 49509, United States","1256 28th St SW, Wyoming, Michigan 49509",42.911340223118,-85.696982995466,geocoded
Bessies' Burgers,11/6/2026,11/6/2026,10:00:00 AM,9:00:00 PM,11/06/2026 10:00 AM - 11/06/2026 9:00 PM,"3350 Michael Ave SW, Wyoming, Michigan 49509, United States","3350 Michael Ave SW, Wyoming, Michigan 49509",42.903800324026,-85.693641046851,geocoded
Around Baking Company-SST-2641-253974,11/6/2026,11/6/2026,4:00:00 PM,8:00:00 PM,11/06/2026 4:00 PM - 11/06/2026 8:00 PM,"693 10 Mile Rd NW, Sparta, Michigan 49345, United States","693 10 Mile Rd NW, Sparta, Michigan 49345",43.117034851162,-85.687424943637,geocoded
Roberts Brothers BBQ-SST2539266799,11/6/2026,11/7/2026,6:00:00 PM,12:00:00 AM,11/06/2026 6:00 PM - 11/07/2026 12:00 AM,"1256 28th St SW, Wyoming, Michigan 49509, United States","1256 28th St SW, Wyoming, Michigan 49509",42.911340223118,-85.696982995466,geocoded
Bessies' Burgers,11/7/2026,11/7/2026,10:00:00 AM,9:00:00 PM,11/07/2026 10:00 AM - 11/07/2026 9:00 PM,"3350 Michael Ave SW, Wyoming, Michigan 49509, United States","3350 Michael Ave SW, Wyoming, Michigan 49509",42.903800324026,-85.693641046851,geocoded
Around Baking Company-SST-2641-253974,11/7/2026,11/7/2026,4:00:00 PM,8:00:00 PM,11/07/2026 4:00 PM - 11/07/2026 8:00 PM,"1767 Parnell Ave SE, Ada, Michigan 49301, United States","1767 Parnell Ave SE, Ada, Michigan 49301",42.933239537726,-85.412306322443,geocoded
Roberts Brothers BBQ-SST2539266799,11/7/2026,11/8/2026,6:00:00 PM,12:00:00 AM,11/07/2026 6:00 PM - 11/08/2026 12:00 AM,"1256 28th St SW, Wyoming, Michigan 49509, United States","1256 28th St SW, Wyoming, Michigan 49509",42.911340223118,-85.696982995466,geocoded
Bessies' Burgers,11/8/2026,11/8/2026,10:00:00 AM,9:00:00 PM,11/08/2026 10:00 AM - 11/08/2026 9:00 PM,"3350 Michael Ave SW, Wyoming, Michigan 49509, United States","3350 Michael Ave SW, Wyoming, Michigan 49509",42.903800324026,-85.693641046851,geocoded
Bessies' Burgers,11/9/2026,11/9/2026,10:00:00 AM,9:00:00 PM,11/09/2026 10:00 AM - 11/09/2026 9:00 PM,"3350 Michael Ave SW, Wyoming, Michigan 49509, United States","3350 Michael Ave SW, Wyoming, Michigan 49509",42.903800324026,-85.693641046851,geocoded
Bessies' Burgers,11/10/2026,11/10/2026,10:00:00 AM,9:00:00 PM,11/10/2026 10:00 AM - 11/10/2026 9:00 PM,"3350 Michael Ave SW, Wyoming, Michigan 49509, United States","3350 Michael Ave SW, Wyoming, Michigan 49509",42.903800324026,-85.693641046851,geocoded
Bessies' Burgers,11/11/2026,11/11/2026,10:00:00 AM,9:00:00 PM,11/11/2026 10:00 AM - 11/11/2026 9:00 PM,"3350 Michael Ave SW, Wyoming, Michigan 49509, United States","3350 Michael Ave SW, Wyoming, Michigan 49509",42.903800324026,-85.693641046851,geocoded
Bessies' Burgers,11/12/2026,11/12/2026,10:00:00 AM,9:00:00 PM,11/12/2026 10:00 AM - 11/12/2026 9:00 PM,"3350 Michael Ave SW, Wyoming, Michigan 49509, United States","3350 Michael Ave SW, Wyoming, Michigan 49509",42.903800324026,-85.693641046851,geocoded
Around Baking Company,11/12/2026,11/12/2026,11:00:00 AM,2:00:00 PM,11/12/2026 11:00 AM - 11/12/2026 2:00 PM,"4100 Lake Dr SE STE 205, Grand Rapids, MI 49546","4100 Lake Dr SE, Grand Rapids, MI 49546",42.939699302865,-85.567564650237,geocoded
Bessies' Burgers,11/13/2026,11/13/2026,10:00:00 AM,9:00:00 PM,11/13/2026 10:00 AM - 11/13/2026 9:00 PM,"3350 Michael Ave SW, Wyoming, Michigan 49509, United States","3350 Michael Ave SW, Wyoming, Michigan 49509",42.903800324026,-85.693641046851,geocoded
Bessies' Burgers,11/14/2026,11/14/2026,10:00:00 AM,9:00:00 PM,11/14/2026 10:00 AM - 11/14/2026 9:00 PM,"3350 Michael Ave SW, Wyoming, Michigan 49509, United States","3350 Michael Ave SW, Wyoming, Michigan 49509",42.903800324026,-85.693641046851,geocoded
Bessies' Burgers,11/15/2026,11/15/2026,10:00:00 AM,9:00:00 PM,11/15/2026 10:00 AM - 11/15/2026 9:00 PM,"3350 Michael Ave SW, Wyoming, Michigan 49509, United States","3350 Michael Ave SW, Wyoming, Michigan 49509",42.903800324026,-85.693641046851,geocoded
Bessies' Burgers,11/16/2026,11/16/2026,10:00:00 AM,9:00:00 PM,11/16/2026 10:00 AM - 11/16/2026 9:00 PM,"3350 Michael Ave SW, Wyoming, Michigan 49509, United States","3350 Michael Ave SW, Wyoming, Michigan 49509",42.903800324026,-85.693641046851,geocoded
Bessies' Burgers,11/17/2026,11/17/2026,10:00:00 AM,9:00:00 PM,11/17/2026 10:00 AM - 11/17/2026 9:00 PM,"3350 Michael Ave SW, Wyoming, Michigan 49509, United States","3350 Michael Ave SW, Wyoming, Michigan 49509",42.903800324026,-85.693641046851,geocoded
Bessies' Burgers,11/18/2026,11/18/2026,10:00:00 AM,9:00:00 PM,11/18/2026 10:00 AM - 11/18/2026 9:00 PM,"3350 Michael Ave SW, Wyoming, Michigan 49509, United States","3350 Michael Ave SW, Wyoming, Michigan 49509",42.903800324026,-85.693641046851,geocoded
Bessies' Burgers,11/19/2026,11/19/2026,10:00:00 AM,9:00:00 PM,11/19/2026 10:00 AM - 11/19/2026 9:00 PM,"3350 Michael Ave SW, Wyoming, Michigan 49509, United States","3350 Michael Ave SW, Wyoming, Michigan 49509",42.903800324026,-85.693641046851,geocoded
Bessies' Burgers,11/20/2026,11/20/2026,10:00:00 AM,9:00:00 PM,11/20/2026 10:00 AM - 11/20/2026 9:00 PM,"3350 Michael Ave SW, Wyoming, Michigan 49509, United States","3350 Michael Ave SW, Wyoming, Michigan 49509",42.903800324026,-85.693641046851,geocoded
Bessies' Burgers,11/21/2026,11/21/2026,10:00:00 AM,9:00:00 PM,11/21/2026 10:00 AM - 11/21/2026 9:00 PM,"3350 Michael Ave SW, Wyoming, Michigan 49509, United States","3350 Michael Ave SW, Wyoming, Michigan 49509",42.903800324026,-85.693641046851,geocoded
Bessies' Burgers,11/22/2026,11/22/2026,10:00:00 AM,9:00:00 PM,11/22/2026 10:00 AM - 11/22/2026 9:00 PM,"3350 Michael Ave SW, Wyoming, Michigan 49509, United States","3350 Michael Ave SW, Wyoming, Michigan 49509",42.903800324026,-85.693641046851,geocoded
Bessies' Burgers,11/23/2026,11/23/2026,10:00:00 AM,9:00:00 PM,11/23/2026 10:00 AM - 11/23/2026 9:00 PM,"3350 Michael Ave SW, Wyoming, Michigan 49509, United States","3350 Michael Ave SW, Wyoming, Michigan 49509",42.903800324026,-85.693641046851,geocoded
Bessies' Burgers,11/24/2026,11/24/2026,10:00:00 AM,9:00:00 PM,11/24/2026 10:00 AM - 11/24/2026 9:00 PM,"3350 Michael Ave SW, Wyoming, Michigan 49509, United States","3350 Michael Ave SW, Wyoming, Michigan 49509",42.903800324026,-85.693641046851,geocoded
Bessies' Burgers,11/25/2026,11/25/2026,10:00:00 AM,9:00:00 PM,11/25/2026 10:00 AM - 11/25/2026 9:00 PM,"3350 Michael Ave SW, Wyoming, Michigan 49509, United States","3350 Michael Ave SW, Wyoming, Michigan 49509",42.903800324026,-85.693641046851,geocoded
Bessies' Burgers,11/26/2026,11/26/2026,10:00:00 AM,9:00:00 PM,11/26/2026 10:00 AM - 11/26/2026 9:00 PM,"3350 Michael Ave SW, Wyoming, Michigan 49509, United States","3350 Michael Ave SW, Wyoming, Michigan 49509",42.903800324026,-85.693641046851,geocoded
Bessies' Burgers,11/27/2026,11/27/2026,10:00:00 AM,9:00:00 PM,11/27/2026 10:00 AM - 11/27/2026 9:00 PM,"3350 Michael Ave SW, Wyoming, Michigan 49509, United States","3350 Michael Ave SW, Wyoming, Michigan 49509",42.903800324026,-85.693641046851,geocoded
Bessies' Burgers,11/28/2026,11/28/2026,10:00:00 AM,9:00:00 PM,11/28/2026 10:00 AM - 11/28/2026 9:00 PM,"3350 Michael Ave SW, Wyoming, Michigan 49509, United States","3350 Michael Ave SW, Wyoming, Michigan 49509",42.903800324026,-85.693641046851,geocoded
Bessies' Burgers,11/29/2026,11/29/2026,10:00:00 AM,9:00:00 PM,11/29/2026 10:00 AM - 11/29/2026 9:00 PM,"3350 Michael Ave SW, Wyoming, Michigan 49509, United States","3350 Michael Ave SW, Wyoming, Michigan 49509",42.903800324026,-85.693641046851,geocoded
Bessies' Burgers,11/30/2026,11/30/2026,10:00:00 AM,9:00:00 PM,11/30/2026 10:00 AM - 11/30/2026 9:00 PM,"3350 Michael Ave SW, Wyoming, Michigan 49509, United States","3350 Michael Ave SW, Wyoming, Michigan 49509",42.903800324026,-85.693641046851,geocoded
Around Baking Company,12/10/2026,12/10/2026,11:00:00 AM,2:00:00 PM,12/10/2026 11:00 AM - 12/10/2026 2:00 PM,"4100 Lake Dr SE STE 205, Grand Rapids, MI 49546","4100 Lake Dr SE, Grand Rapids, MI 49546",42.939699302865,-85.567564650237,geocoded
